{"cameraMode":{"drawMode":0,"name":"Shaded","section":"Shading Mode"},"sceneLighting":true,"audioPlay":false,"sceneViewState":{"showFog":true,"showMaterialUpdate":false,"showSkybox":true,"showFlares":true,"showImageEffects":true,"showParticleSystems":true},"in2DMode":false,"pivot":{"x":-132.6039276123047,"y":-118.98759460449219,"z":-40.38534164428711},"rotation":{"x":0.49083226919174197,"y":-0.004938015714287758,"z":0.002612384967505932,"w":0.8713496327400208},"size":241.0565185546875,"orthographic":false}