{"cameraMode":{"drawMode":0,"name":"Shaded","section":"Shading Mode"},"sceneLighting":true,"audioPlay":false,"sceneViewState":{"showFog":true,"showMaterialUpdate":false,"showSkybox":true,"showFlares":true,"showImageEffects":true,"showParticleSystems":true},"in2DMode":false,"pivot":{"x":-251.23812866210938,"y":-412.081298828125,"z":42.70032501220703},"rotation":{"x":0.29710182547569277,"y":-0.6468337178230286,"z":0.3030846118927002,"w":0.6336830854415894},"size":427.9156494140625,"orthographic":false}