{"cameraMode":{"drawMode":0,"name":"Shaded","section":"Shading Mode"},"sceneLighting":true,"audioPlay":false,"sceneViewState":{"showFog":true,"showMaterialUpdate":false,"showSkybox":true,"showFlares":true,"showImageEffects":true,"showParticleSystems":true},"in2DMode":false,"pivot":{"x":54.444305419921878,"y":-442.705322265625,"z":97.82720947265625},"rotation":{"x":0.580085277557373,"y":0.01099555753171444,"z":-0.007831663824617863,"w":0.8144434094429016},"size":460.3232727050781,"orthographic":false}