{"cameraMode":{"drawMode":0,"name":"Shaded","section":"Shading Mode"},"sceneLighting":true,"audioPlay":false,"sceneViewState":{"showFog":true,"showMaterialUpdate":true,"showSkybox":true,"showFlares":true,"showImageEffects":true,"showParticleSystems":true},"in2DMode":false,"pivot":{"x":-222.44671630859376,"y":-13.747020721435547,"z":66.73282623291016},"rotation":{"x":0.5011659264564514,"y":0.18223446607589723,"z":-0.10885999351739884,"w":0.838921070098877},"size":297.8487243652344,"orthographic":false}