{"cameraMode":{"drawMode":0,"name":"Shaded","section":"Shading Mode"},"sceneLighting":true,"audioPlay":false,"sceneViewState":{"showFog":true,"showMaterialUpdate":true,"showSkybox":true,"showFlares":true,"showImageEffects":true,"showParticleSystems":true},"in2DMode":false,"pivot":{"x":3.1723029613494875,"y":-23.85495376586914,"z":-10.33047866821289},"rotation":{"x":0.11121685802936554,"y":0.8818862438201904,"z":-0.25979816913604739,"w":0.37742555141448977},"size":306.1469421386719,"orthographic":true}