{"cameraMode":{"drawMode":0,"name":"Shaded","section":"Shading Mode"},"sceneLighting":true,"audioPlay":false,"sceneViewState":{"showFog":true,"showMaterialUpdate":false,"showSkybox":true,"showFlares":true,"showImageEffects":true,"showParticleSystems":true},"in2DMode":false,"pivot":{"x":-19.39938735961914,"y":-478.582275390625,"z":-71.14299011230469},"rotation":{"x":0.21287906169891358,"y":0.7671779990196228,"z":-0.515221118927002,"w":0.3174305260181427},"size":421.4294738769531,"orthographic":false}