{"cameraMode":{"drawMode":0,"name":"Shaded","section":"Shading Mode"},"sceneLighting":true,"audioPlay":false,"sceneViewState":{"showFog":true,"showMaterialUpdate":true,"showSkybox":true,"showFlares":true,"showImageEffects":true,"showParticleSystems":true},"in2DMode":false,"pivot":{"x":-46.75975799560547,"y":-3.377439498901367,"z":46.151790618896487},"rotation":{"x":-0.28927913308143618,"y":-0.5948066711425781,"z":0.24240784347057343,"w":-0.7097810506820679},"size":25.852840423583986,"orthographic":false}